{
  "N": {
    "min": 0.0,
    "max": 140.0,
    "mean": 50.551818181818184
  },
  "P": {
    "min": 5.0,
    "max": 145.0,
    "mean": 53.36272727272727
  },
  "K": {
    "min": 5.0,
    "max": 205.0,
    "mean": 48.14909090909091
  },
  "temperature": {
    "min": 8.825674745,
    "max": 43.67549305,
    "mean": 25.616243851779544
  },
  "humidity": {
    "min": 14.25803981,
    "max": 99.98187601,
    "mean": 71.48177921778637
  },
  "ph": {
    "min": 3.504752314,
    "max": 9.93509073,
    "mean": 6.469480065256364
  },
  "rainfall": {
    "min": 20.21126747,
    "max": 298.5601175,
    "mean": 103.46365541576817
  }
}